
{
    "sprites" : [
        {
            "pos" : {
                "x" : -8.17000007629395,
                "y" : 0.419999986886978,
                "z" : 0.0
            },
            "name" : "Urara",
            "layer" : 8,
            "tag"   : "Untagged"
        },
        {
            "pos" : {
                "x" : 2.35999989509583,
                "y" : 0.490000009536743,
                "z" : 0.0
            },
            "name" : "Curren",
            "layer" : 8,
            "tag"   : "Untagged"
        },
        {
            "pos" : {
                "x" : -7.69000005722046,
                "y" : 5.94999980926514,
                "z" : 0.0
            },
            "name" : "Urara",
            "layer" : 8,
            "tag"   : "Untagged"
        },
        {
            "pos" : {
                "x" : -10.2700004577637,
                "y" : 5.65999984741211,
                "z" : 0.0
            },
            "name" : "Curren",
            "layer" : 8,
            "tag"   : "Untagged"
        }
    ]
}